{
    "keep": {
        "days": true,
        "amount": 14
    },
    "auditLog": "F:\\phero 2.0\\university-management\\logs\\winston\\successes\\.3d21d7a54f050466d9409a471153e4da9aaf4c1e-audit.json",
    "files": [
        {
            "date": 1688490595897,
            "name": "F:\\phero 2.0\\university-management\\logs\\winston\\successes\\phu-2023-04-07-23-success.log",
            "hash": "7dcde405d7d81172062ea71af4c67f738884c1a695e99048c08ca700fd0a20a8"
        },
        {
            "date": 1688551824672,
            "name": "F:\\phero 2.0\\university-management\\logs\\winston\\successes\\phu-2023-05-07-16-success.log",
            "hash": "97d801dd7e3f03afc241ded3db92872f2b7cadfdac32e6b8e57f6ef561e6ca0f"
        },
        {
            "date": 1688630167846,
            "name": "F:\\phero 2.0\\university-management\\logs\\winston\\successes\\phu-2023-06-07-13-success.log",
            "hash": "f8fb01ce4f105d5c1d9727612d87ca13db8ca7a929e3df3312b0b5fc06e15abb"
        },
        {
            "date": 1688630448606,
            "name": "F:\\phero 2.0\\university-management\\logs\\winston\\successes\\phu-2023-06-07-14-success.log",
            "hash": "d9e4f07dde9b3acb804f2de3dbbef0e6cf289b9db6228b9cce7b5c0de408b82f"
        },
        {
            "date": 1688634572230,
            "name": "F:\\phero 2.0\\university-management\\logs\\winston\\successes\\phu-2023-06-07-15-success.log",
            "hash": "b43d1bf1380b36bb325a6a9a8085d40f7868886a4f3c17356e42ecfbc8905917"
        }
    ],
    "hashType": "sha256"
}