{
    "keep": {
        "days": true,
        "amount": 14
    },
    "auditLog": "D:\\Projects\\New folder\\university-management\\logs\\winston\\successes\\.813b2b66ea83206858839c780df9b09b70a69bf5-audit.json",
    "files": [
        {
            "date": 1687843673050,
            "name": "D:\\Projects\\New folder\\university-management\\logs\\winston\\successes\\phu-2023-27-06-11-success.log",
            "hash": "b8f9d1b04945a4c04d95c80ccf25c8163ddcbd75405622bde84af620cec53f0e"
        },
        {
            "date": 1687846144203,
            "name": "D:\\Projects\\New folder\\university-management\\logs\\winston\\successes\\phu-2023-27-06-12-success.log",
            "hash": "2763e788d1e7859bb1c7085fa0822055b0e2000110e035bde0f4b5aac9d00b72"
        },
        {
            "date": 1687849553521,
            "name": "D:\\Projects\\New folder\\university-management\\logs\\winston\\successes\\phu-2023-27-06-13-success.log",
            "hash": "d2750f4bd91de59efae247cd4aea26244e1fba8b7288a1715ebe9b1faae3d56b"
        },
        {
            "date": 1687852869344,
            "name": "D:\\Projects\\New folder\\university-management\\logs\\winston\\successes\\phu-2023-27-06-14-success.log",
            "hash": "e00a90916c25ce787778961a34dd76d1552a62cba1f895cecc46017570fc926d"
        },
        {
            "date": 1687857035253,
            "name": "D:\\Projects\\New folder\\university-management\\logs\\winston\\successes\\phu-2023-27-06-15-success.log",
            "hash": "1ce725e7cea2f27fc1c3b6448889110482dddcdb7a4430d9870ab9c6d10ceb24"
        }
    ],
    "hashType": "sha256"
}