{
  "keep": {
    "days": true,
    "amount": 14
  },
  "auditLog": "D:\\projects\\phero-2.0\\university-management\\logs\\winston\\successes\\.9e8148be6df5b226a1391be718b03c12655c8d5a-audit.json",
  "files": [
    {
      "date": 1686009173287,
      "name": "D:\\projects\\phero-2.0\\university-management\\logs\\winston\\successes\\phu-2023-06-06-05-success.log",
      "hash": "ddd110d334499f6fbfb56d67909c98340233990248e357502ae5eb6fd9948c94"
    },
    {
      "date": 1686011093076,
      "name": "D:\\projects\\phero-2.0\\university-management\\logs\\winston\\successes\\phu-2023-06-06-06-success.log",
      "hash": "5520e9043fb477021933ed3089021b5a6a80f551d8f1f66a32deafae9fb996f8"
    },
    {
      "date": 1686014406637,
      "name": "D:\\projects\\phero-2.0\\university-management\\logs\\winston\\successes\\phu-2023-06-06-07-success.log",
      "hash": "2774d7ca49f19bb56195365bc77521d6771854c1e0206c7982da5b8541c08f26"
    },
    {
      "date": 1686052979704,
      "name": "D:\\projects\\phero-2.0\\university-management\\logs\\winston\\successes\\phu-2023-06-06-18-success.log",
      "hash": "ceca706a732886986842954a0005a31ad11604764bc46fe88a0f268460909dd3"
    },
    {
      "date": 1686277079626,
      "name": "D:\\projects\\phero-2.0\\university-management\\logs\\winston\\successes\\phu-2023-09-06-08-success.log",
      "hash": "fc0ccc18d9351ecb5f37e81da6636baa3ab78603b2145a2d68da60e19ab38abf"
    },
    {
      "date": 1686329885778,
      "name": "D:\\projects\\phero-2.0\\university-management\\logs\\winston\\successes\\phu-2023-09-06-22-success.log",
      "hash": "92dabc71164ddb7c5cbf09fa2a92a016a1c580fbe4b15db06f8279d0aaa1b34d"
    },
    {
      "date": 1686330444960,
      "name": "D:\\projects\\phero-2.0\\university-management\\logs\\winston\\successes\\phu-2023-09-06-23-success.log",
      "hash": "32f5e2346a6bb92f8894f54f980011e91cc8e982c907caec24a69733ef27a265"
    },
    {
      "date": 1686362855228,
      "name": "D:\\projects\\phero-2.0\\university-management\\logs\\winston\\successes\\phu-2023-10-06-08-success.log",
      "hash": "11ea4c21d93db74612e92b44a37fc0eaa39d574772db6fc104ac89e79ce1d35d"
    },
    {
      "date": 1686366092924,
      "name": "D:\\projects\\phero-2.0\\university-management\\logs\\winston\\successes\\phu-2023-10-06-09-success.log",
      "hash": "ad301dc68164aaf5fb9c2ee3898047fbffeb46faceeabb3343520ba96acb665f"
    },
    {
      "date": 1686491769943,
      "name": "D:\\projects\\phero-2.0\\university-management\\logs\\winston\\successes\\phu-2023-11-06-19-success.log",
      "hash": "7002b2193107dd9d3da2aefa7b807db601c248fbaad916f003b78e2f64b3de89"
    },
    {
      "date": 1686492294233,
      "name": "D:\\projects\\phero-2.0\\university-management\\logs\\winston\\successes\\phu-2023-11-06-20-success.log",
      "hash": "af8303876ed035e1b8e5a9837348580bcd9ffeda931b33b35f93fcef35356839"
    },
    {
      "date": 1686533340747,
      "name": "D:\\projects\\phero-2.0\\university-management\\logs\\winston\\successes\\phu-2023-12-06-07-success.log",
      "hash": "964c47c7b54c28c545bb165c402230af1195e8df1bb23b474286cfbf9702721f"
    },
    {
      "date": 1686536010391,
      "name": "D:\\projects\\phero-2.0\\university-management\\logs\\winston\\successes\\phu-2023-12-06-08-success.log",
      "hash": "1321f6a43381420cc5b5640360289257e9c3f0745a9d1e92cb65c0fd5cb09aac"
    },
    {
      "date": 1686538986060,
      "name": "D:\\projects\\phero-2.0\\university-management\\logs\\winston\\successes\\phu-2023-12-06-09-success.log",
      "hash": "3749b0e9b7341d0165de8eb20ce9acfb32c5f130865d8b6508ae82d659da2f75"
    },
    {
      "date": 1686542560116,
      "name": "D:\\projects\\phero-2.0\\university-management\\logs\\winston\\successes\\phu-2023-12-06-10-success.log",
      "hash": "b136b3fc3a290cbe76b53531a4381f7885f73159071eaa227f77c620e2550291"
    },
    {
      "date": 1686616015417,
      "name": "D:\\projects\\phero-2.0\\university-management\\logs\\winston\\successes\\phu-2023-13-06-06-success.log",
      "hash": "9cd96adecdfee79ec3bce3dadc109d1bb2d0c6f42d740ac6a60f77decb3d9ef4"
    },
    {
      "date": 1686620292886,
      "name": "D:\\projects\\phero-2.0\\university-management\\logs\\winston\\successes\\phu-2023-13-06-07-success.log",
      "hash": "fcd22ed8d738c4f247ead96b34857671a20df05e4a9b171e32f2ea5236ac2371"
    },
    {
      "date": 1686709941660,
      "name": "D:\\projects\\phero-2.0\\university-management\\logs\\winston\\successes\\phu-2023-14-06-08-success.log",
      "hash": "cc059bfd4b79fdaf3a6934bd0d1110cde5fdee5fe5015a7bb0ab8b5c1878e460"
    },
    {
      "date": 1686711644234,
      "name": "D:\\projects\\phero-2.0\\university-management\\logs\\winston\\successes\\phu-2023-14-06-09-success.log",
      "hash": "9eaa0692fa0fcfb58a43fb383900eddfbbac7e6879720bf6b6ec17db21358c0c"
    },
    {
      "date": 1686715542915,
      "name": "D:\\projects\\phero-2.0\\university-management\\logs\\winston\\successes\\phu-2023-14-06-10-success.log",
      "hash": "dc382dcbbf33e2ecae7d9e242671146359c8ae33a2c48c98c1da8a64b442c053"
    },
    {
      "date": 1686719024207,
      "name": "D:\\projects\\phero-2.0\\university-management\\logs\\winston\\successes\\phu-2023-14-06-11-success.log",
      "hash": "5a6279c62bf67691a981dd37b0b9ae0d0f27f563757ed3921e311966ebf51eb1"
    },
    {
      "date": 1686753951264,
      "name": "D:\\projects\\phero-2.0\\university-management\\logs\\winston\\successes\\phu-2023-14-06-20-success.log",
      "hash": "255539ae49da7787cc3212f527ba6f4a7c8a84837c1d4828d0dc03fd16c1af5f"
    },
    {
      "date": 1686766338268,
      "name": "D:\\projects\\phero-2.0\\university-management\\logs\\winston\\successes\\phu-2023-15-06-00-success.log",
      "hash": "a8ea7d9ad5c9814ca808de7c9ee9f3ccf60502900baff4083f153562e8271338"
    },
    {
      "date": 1686795993268,
      "name": "D:\\projects\\phero-2.0\\university-management\\logs\\winston\\successes\\phu-2023-15-06-08-success.log",
      "hash": "4b424fe19670c1e911b18ca1a51acf39b076a4f359e33af24ef21273d4614c38"
    },
    {
      "date": 1686798331036,
      "name": "D:\\projects\\phero-2.0\\university-management\\logs\\winston\\successes\\phu-2023-15-06-09-success.log",
      "hash": "9d26ee110c0d2773db21ac27886f97c420da2f55073f7828f62f1e7ad4e2cd7e"
    },
    {
      "date": 1686839900690,
      "name": "D:\\projects\\phero-2.0\\university-management\\logs\\winston\\successes\\phu-2023-15-06-20-success.log",
      "hash": "bec14fd140c0e3acb2d996255b0c8083520e3fe12976e82541b258e770d17393"
    },
    {
      "date": 1686842016371,
      "name": "D:\\projects\\phero-2.0\\university-management\\logs\\winston\\successes\\phu-2023-15-06-21-success.log",
      "hash": "f00de9b76d85c044e3f77dd168bf8be53b80da64c4627e6bec1477d8a571e5ef"
    },
    {
      "date": 1686845237178,
      "name": "D:\\projects\\phero-2.0\\university-management\\logs\\winston\\successes\\phu-2023-15-06-22-success.log",
      "hash": "d2ef27874d98d54f44df31e3191060472ac8f035b472d9afc6ab3335c7876c8d"
    },
    {
      "date": 1686849710705,
      "name": "D:\\projects\\phero-2.0\\university-management\\logs\\winston\\successes\\phu-2023-15-06-23-success.log",
      "hash": "f92d59b0f166958fefc2f5d37578e01d451b361e7fef46b5ecc9d06359c31e19"
    },
    {
      "date": 1686884132657,
      "name": "D:\\projects\\phero-2.0\\university-management\\logs\\winston\\successes\\phu-2023-16-06-08-success.log",
      "hash": "b294b52f94aafd19c942f0e0a4c8b69f8d6472661c5008d7d3c366389d8bf488"
    },
    {
      "date": 1686884415551,
      "name": "D:\\projects\\phero-2.0\\university-management\\logs\\winston\\successes\\phu-2023-16-06-09-success.log",
      "hash": "7afecdaeb4a67d1ccda32d9d4561b4c037f92331876b7cc6cd28aa5d20f7cb05"
    },
    {
      "date": 1686888137198,
      "name": "D:\\projects\\phero-2.0\\university-management\\logs\\winston\\successes\\phu-2023-16-06-10-success.log",
      "hash": "7d78988889078886b2711eadeb67ed7ef3d292cca1e1d5d134bb9814aee2caf6"
    },
    {
      "date": 1686893466071,
      "name": "D:\\projects\\phero-2.0\\university-management\\logs\\winston\\successes\\phu-2023-16-06-11-success.log",
      "hash": "f33eb7f691be87528501935a4b1036655005abcd0fb9a8283647906476b91c93"
    },
    {
      "date": 1686898207669,
      "name": "D:\\projects\\phero-2.0\\university-management\\logs\\winston\\successes\\phu-2023-16-06-12-success.log",
      "hash": "09e79a4f342de1c849fb6a29f6481780ed7918e3d92d2d3afd2045ce64dd1009"
    },
    {
      "date": 1686903006174,
      "name": "D:\\projects\\phero-2.0\\university-management\\logs\\winston\\successes\\phu-2023-16-06-14-success.log",
      "hash": "35336c08c641b59e4dda4c954024b1d09ae713ad78c2d661442733e1974ba6a0"
    },
    {
      "date": 1686941278564,
      "name": "D:\\projects\\phero-2.0\\university-management\\logs\\winston\\successes\\phu-2023-17-06-00-success.log",
      "hash": "e0b6635cef9b682ab16bf42178d4cc2dbd7813c71434507abd54e0de4f3892d9"
    },
    {
      "date": 1686942027990,
      "name": "D:\\projects\\phero-2.0\\university-management\\logs\\winston\\successes\\phu-2023-17-06-01-success.log",
      "hash": "3ec89bea44cd0dbbb55de809db62a350babc5403b6277beaa5cee071c17a5416"
    }
  ],
  "hashType": "sha256"
}
