{
  "keep": {
    "days": true,
    "amount": 14
  },
  "auditLog": "D:\\projects\\phero-2.0\\university-management\\logs\\winston\\errors\\.0b825d8d0202bbfe6d6aa8cc2d7ebadff350dcb4-audit.json",
  "files": [
    {
      "date": 1686009173289,
      "name": "D:\\projects\\phero-2.0\\university-management\\logs\\winston\\errors\\phu-2023-06-06-05-error.log",
      "hash": "48bf2003be9d3edfdb742d583f303a38e55a537518d5574b87c5915b5566cf9b"
    },
    {
      "date": 1686011093079,
      "name": "D:\\projects\\phero-2.0\\university-management\\logs\\winston\\errors\\phu-2023-06-06-06-error.log",
      "hash": "ce32af08b848af26a570db8c16eb13047454575df98b96082b9bf426f48fb798"
    },
    {
      "date": 1686014406640,
      "name": "D:\\projects\\phero-2.0\\university-management\\logs\\winston\\errors\\phu-2023-06-06-07-error.log",
      "hash": "b30cc3f153201ad2860153323ac7c28a23f4d623d3132e6bfd2ac9e92739cd4b"
    },
    {
      "date": 1686052979707,
      "name": "D:\\projects\\phero-2.0\\university-management\\logs\\winston\\errors\\phu-2023-06-06-18-error.log",
      "hash": "a0f2737e0144e94765a9712409a001bc08d3cdae1c27c03ab9b66e9caae0e491"
    },
    {
      "date": 1686277079629,
      "name": "D:\\projects\\phero-2.0\\university-management\\logs\\winston\\errors\\phu-2023-09-06-08-error.log",
      "hash": "07be0020372ec921ba18efe13249f57791cb5b1d7f70ce6a58f496f056710b44"
    },
    {
      "date": 1686329885781,
      "name": "D:\\projects\\phero-2.0\\university-management\\logs\\winston\\errors\\phu-2023-09-06-22-error.log",
      "hash": "8f9b5270961710f3965526cdefcc91541a95d5d2be60feb22a19328735d495c9"
    },
    {
      "date": 1686330444963,
      "name": "D:\\projects\\phero-2.0\\university-management\\logs\\winston\\errors\\phu-2023-09-06-23-error.log",
      "hash": "c2af9b9866bb41fc56ce76ab8a3f86943e8b0bbeb3356d4c8dd161e4052aed70"
    },
    {
      "date": 1686362855231,
      "name": "D:\\projects\\phero-2.0\\university-management\\logs\\winston\\errors\\phu-2023-10-06-08-error.log",
      "hash": "e87d41e0a78d80400642ececa72725db215610f77ad36049a949d41dc84ba59c"
    },
    {
      "date": 1686366092927,
      "name": "D:\\projects\\phero-2.0\\university-management\\logs\\winston\\errors\\phu-2023-10-06-09-error.log",
      "hash": "7cddecd038eb363f9ba623146ca491e20d2e2c4ecc6b9e771aec321b7ebacaaa"
    },
    {
      "date": 1686491769946,
      "name": "D:\\projects\\phero-2.0\\university-management\\logs\\winston\\errors\\phu-2023-11-06-19-error.log",
      "hash": "9d8cab4cb99b548bb9f2556815e6a54960637b070549d61f61678e42eabf3257"
    },
    {
      "date": 1686492294236,
      "name": "D:\\projects\\phero-2.0\\university-management\\logs\\winston\\errors\\phu-2023-11-06-20-error.log",
      "hash": "252534db2ad69d9f3a057bc000ede5e155c016bb99862593e0068043921cd606"
    },
    {
      "date": 1686533340751,
      "name": "D:\\projects\\phero-2.0\\university-management\\logs\\winston\\errors\\phu-2023-12-06-07-error.log",
      "hash": "8fb75db3829d10f655bf6ca09ad343eac153a11e0ce7356cfd1d7aff235002fd"
    },
    {
      "date": 1686536010394,
      "name": "D:\\projects\\phero-2.0\\university-management\\logs\\winston\\errors\\phu-2023-12-06-08-error.log",
      "hash": "71a59f03819916c1e56a2c3667ddfd054fa0826aa0c5864b1f97afa0a9dd4cf4"
    },
    {
      "date": 1686538986064,
      "name": "D:\\projects\\phero-2.0\\university-management\\logs\\winston\\errors\\phu-2023-12-06-09-error.log",
      "hash": "25aeaa2c48d6f06f7f6f03732244249e71413cc58c5dbd404c50eca492d84580"
    },
    {
      "date": 1686542560119,
      "name": "D:\\projects\\phero-2.0\\university-management\\logs\\winston\\errors\\phu-2023-12-06-10-error.log",
      "hash": "b1085bb6fa9d1dd2ea08a393d59330e141f2ad434b0e32f15e830bee48db05ae"
    },
    {
      "date": 1686616015420,
      "name": "D:\\projects\\phero-2.0\\university-management\\logs\\winston\\errors\\phu-2023-13-06-06-error.log",
      "hash": "e0fe419391a494c5b5b269eb578888e1454054ab0ab330c5c9eb2ba74b1cde82"
    },
    {
      "date": 1686620292889,
      "name": "D:\\projects\\phero-2.0\\university-management\\logs\\winston\\errors\\phu-2023-13-06-07-error.log",
      "hash": "760e1984fa2ddb8371e32162e2306940313e21b13263edb14dd12a4ae7377226"
    },
    {
      "date": 1686709941663,
      "name": "D:\\projects\\phero-2.0\\university-management\\logs\\winston\\errors\\phu-2023-14-06-08-error.log",
      "hash": "5d149490ed66a9b640d103bba1a82074ed00c05eb608465fd8d0ae37e81d78d3"
    },
    {
      "date": 1686711644237,
      "name": "D:\\projects\\phero-2.0\\university-management\\logs\\winston\\errors\\phu-2023-14-06-09-error.log",
      "hash": "e6feb5fdaafcbace1e0e7aaef51885e32a21799f11c536279319afb1c10f0fe7"
    },
    {
      "date": 1686715542918,
      "name": "D:\\projects\\phero-2.0\\university-management\\logs\\winston\\errors\\phu-2023-14-06-10-error.log",
      "hash": "0680291920bb4fe6520c9f2d7a5429140fc69b81ef9b55acf2789a18607ff8da"
    },
    {
      "date": 1686719024210,
      "name": "D:\\projects\\phero-2.0\\university-management\\logs\\winston\\errors\\phu-2023-14-06-11-error.log",
      "hash": "f37ae8fb2643e93da6a17b0f324b84a1f595a36b495306cf0333efafe890cea5"
    },
    {
      "date": 1686753951268,
      "name": "D:\\projects\\phero-2.0\\university-management\\logs\\winston\\errors\\phu-2023-14-06-20-error.log",
      "hash": "ed865a792f0742b1cdef16e9f5ace1224c7261802672c0f27d0cdb5e7ec49173"
    },
    {
      "date": 1686766338271,
      "name": "D:\\projects\\phero-2.0\\university-management\\logs\\winston\\errors\\phu-2023-15-06-00-error.log",
      "hash": "9ccb7bfa6eece8ac9fe9ae891d0dd6fe6776a80ea0d23b70c686c96ef27b9e0c"
    },
    {
      "date": 1686795993271,
      "name": "D:\\projects\\phero-2.0\\university-management\\logs\\winston\\errors\\phu-2023-15-06-08-error.log",
      "hash": "3ea2ef00c0c3cb6438833909ba30f6d39179dcf8cbe6eefc59cccff35286ed42"
    },
    {
      "date": 1686798331039,
      "name": "D:\\projects\\phero-2.0\\university-management\\logs\\winston\\errors\\phu-2023-15-06-09-error.log",
      "hash": "1de165841be098e15c51a3292951a4503f0e063c61de110b264af1c14ca7cda1"
    },
    {
      "date": 1686839900693,
      "name": "D:\\projects\\phero-2.0\\university-management\\logs\\winston\\errors\\phu-2023-15-06-20-error.log",
      "hash": "5f045c002d9ea51a5db8695197e7a6f57aadefa34098a633c9083d21572ca0ac"
    },
    {
      "date": 1686842016374,
      "name": "D:\\projects\\phero-2.0\\university-management\\logs\\winston\\errors\\phu-2023-15-06-21-error.log",
      "hash": "5e4b44147993bdfe3c330a1c2bae35a1082b58cb490bbba109ed70820a75748c"
    },
    {
      "date": 1686845237181,
      "name": "D:\\projects\\phero-2.0\\university-management\\logs\\winston\\errors\\phu-2023-15-06-22-error.log",
      "hash": "47d3af9c114fcf64cc6d5c4a6d294aad0ec07346305424aaaa90debb071efa98"
    },
    {
      "date": 1686849710708,
      "name": "D:\\projects\\phero-2.0\\university-management\\logs\\winston\\errors\\phu-2023-15-06-23-error.log",
      "hash": "7774f64c84370fe493215822bd6744e019a258b47cf0fd82b5757a311ca02c8e"
    },
    {
      "date": 1686884132660,
      "name": "D:\\projects\\phero-2.0\\university-management\\logs\\winston\\errors\\phu-2023-16-06-08-error.log",
      "hash": "8571f7157b272459169c757102e6b6c8073e568d2a2fce0d39caf6c5ef2bbecc"
    },
    {
      "date": 1686884415554,
      "name": "D:\\projects\\phero-2.0\\university-management\\logs\\winston\\errors\\phu-2023-16-06-09-error.log",
      "hash": "5dcf7e89263ab93b860a2c5d294952f495180f0202233d7000ef1c2e49430099"
    },
    {
      "date": 1686888137201,
      "name": "D:\\projects\\phero-2.0\\university-management\\logs\\winston\\errors\\phu-2023-16-06-10-error.log",
      "hash": "851eee936b69af941bcddb26ea4134f26cb84b28a9da8f4c1fd19d86770048bd"
    },
    {
      "date": 1686893466074,
      "name": "D:\\projects\\phero-2.0\\university-management\\logs\\winston\\errors\\phu-2023-16-06-11-error.log",
      "hash": "95318cc22dc21db56c1d0468cd7d531c3d0be08ff4d7b9d41558d543de63469a"
    },
    {
      "date": 1686898207672,
      "name": "D:\\projects\\phero-2.0\\university-management\\logs\\winston\\errors\\phu-2023-16-06-12-error.log",
      "hash": "07f1347a50d84933389da71801789d3a24a41397b249fbfafa2fdc59c06fed35"
    },
    {
      "date": 1686903006177,
      "name": "D:\\projects\\phero-2.0\\university-management\\logs\\winston\\errors\\phu-2023-16-06-14-error.log",
      "hash": "5c3e9c03ebbacb63ee223ad4ce75751389ec8d306f35b09278572bf40c59330c"
    },
    {
      "date": 1686941278568,
      "name": "D:\\projects\\phero-2.0\\university-management\\logs\\winston\\errors\\phu-2023-17-06-00-error.log",
      "hash": "e8bb679537a6f3d78add1a8ee36f17289cad7ca71301c8d80d6cf403b08d073b"
    },
    {
      "date": 1686942027993,
      "name": "D:\\projects\\phero-2.0\\university-management\\logs\\winston\\errors\\phu-2023-17-06-01-error.log",
      "hash": "d07875c11208bd0d117012b08d3ab86170bf9d2da05418003e1f1456b9587559"
    }
  ],
  "hashType": "sha256"
}
